Hindi,French
में (mẽ),In (mẽ)
है (hai),Is (hai)
हैं (ha͠i),Are (ha͠i)
नहीं (nahī̃),No (nahī̃)
लिए (lie),For (lie)
गया (gayā),Gaya (gayā)
तथा (tathā),And (tathā)
अपने (apne),Apne (apne)
कुछ (kuch),Some (kuch)
साथ (sāth),With (sāth)
होता (hotā),Hotha (hotā)
था (thā),Was (thā)
दिया (diyā),Diya (diyā)
हुए (hue),Hue
कोई (koī),Somebody (koī)
रूप (rūp),Form (rūp)
से (se),From (se)
मैं (ma͠i),I (ma͠i)
रहा (rahā),Raha (rahā)
हुआ (huā),Hua (huā)
बात (bāt),Bāt)
कहा (kahā),Said (kahā)
समय (samay),Time (samay)
क्या (kyā),What (kyā)
अपनी (apnī),Your (apnī)
होती (hotī),Happiness (hotī)
प्रकार (prakār),Type (Prakār)
बहुत (bahut),Very (bahut)
तरह (tarah),Like (Tarah)
बाद (bād),Subsequent (bād)
फिर (phir),Again (Phir)
रहे (rahe),Rahe (rahe)
द्वारा (dvārā),By (dvārā)
अधिक (adhik),More (Adhik)
रही (rahī),Rahi (rahī)
होने (hone),Hone (hone)
एवं (evã),And (ev hee)
हुई (huī),Hui (HUī)
थे (the),Were (the)
उनके (unke),His (unke)
थी (thī),Thi (thī)
वाले (vāle),Wale (vāle)
चाहिए (cāhie),Want (cāhie)
दिन (din),Day (din)
लेकिन (lekin),But (lekin)
काम (kām),Kama (kām)
हूँ (hū̃),Hoon (hū̃)
होते (hote),Hote
इसके (iske),Its (ISKE)
उन्हें (unhẽ),They (unhẽ)
गये (gaye),Gaye
कभी (kabhī),Ever (kabhī)
आदि (ādi),Adi (ādi)
लोग (log),People (log)
बार (bār),Bar (bār)
यहाँ (yahā̃),Here (yahā̃)
दोनों (donõ),Both (donõ)
उन्होंने (unhonne),He (Unhonne)
कार्य (kārya),Work (kārya)
पास (pās),Pass (pās)
वहाँ (vahā̃),There (vahā̃)
भारत (bhārat),India (bhārat)
लिया (liyā),Lia (liyā)
प्राप्त (prāpt),Received (prāpt)
उनकी (unkī),His (unkī)
लोगों (logõ),People (logõ)
गयी (gayī),Gaya (gayī)
लगा (lagā),Laga (lagā)
अन्य (anya),Other (anya)
होगा (hogā),Will be (hogā)
इसी (isī),This (ISī)
देश (deś),Country (deś)
यदि (yadi),If (yadi)
सभी (sabhī),All (sabhī)
नाम (nām),Name (nām)
वर्ष (varṣ),Year (Varṣ)
ऐसा (aisā),Such (aisā)
विकास (vikās),Vikās)
अपना (apnā),Apna (apnā)
ऐसे (aise),Such (AISE)
दूसरे (dūsre),Second (dūsre)
हाथ (hāth),Hand (hāth)
भाषा (bhāṣā),Language (bhāṣā)
मेरे (mere),Mere (Mere)
मैंने (mainne),I (mainne)
तुम (tum),You (tum)
बीच (bīc),Beach (BīC)
वाली (vālī),Wali (vālī)
बड़े (baṛe),Big (baṛe)
प्रति (prati),Per (prati)
व्यक्ति (vyakti),Person (vyakti)
उनका (unkā),His (unkā)
लिये (liye),Liye
इसलिए (islie),Therefore (islie)
तीन (tīn),Three (Tīn)
इसका (iskā),Its (iskā)
ऐसी (aisī),Such (AISī)
विशेष (viśeṣ),Special (viśeṣ)
बड़ी (baṛī),Big (baṛī)
अथवा (athvā),Or (Athvā)
भाग (bhāg),Part (bhāg)
क्योंकि (kyoṅki),Because (kyoṅki)
सिंह (sĩh),Singh (sĩh)
ठीक (ṭhīk),Fine (ṭhīk)
स्थिति (sthiti),Status (sthiti)
परन्तु (parantu),But (paratu)
स्थान (sthān),Location (sthān)
यही (yahī),This is (yahī)
क्यों (kyõ),Why (kyõ)
गाँव (gā̃v),Village (gā̃v)
राज्य (rājya),State (rājya)
अलग (alag),Separate (alag)
लेकर (lekar),Lakar (lekar)
अभी (abhī),Now (abhī)
इसमें (ismẽ),In it (ISMẽ)
विभिन्न (vibhinna),Various (vibhinna)
सी (sī),C (sī)
विचार (vicār),Thought (vicār)
जिस (jis),Jis (JIS)
बाहर (bāhar),Out (bāhar)
ऊपर (ūpar),Up (ūpar)
बना (banā),Bani (banā)
तैयार (taiyār),Ready (taiyār)
अनेक (anek),Many (anek)
सामने (sāmne),Sāmne)
शिक्षा (śikṣā),Education (śikṣā)
शरीर (śarīr),Body (śarīr)
होकर (hokar),Via (Hokar)
दृष्टि (dŕṣṭi),Vision (dŕṣṭi)
श्री (śrī),Shri (śRī)
थीं (thī̃),Were (thī̃)
दूर (dūr),Distant (dūR)
शब्द (śabd),Word (śABD)
ध्यान (dhyān),Meditation (dhyān)
चार (cār),Char (cār)
मेरी (merī),Mary (merī)
बड़ा (baṛā),Bada (baṛā)
पता (patā),Address (patā)
लगता (lagtā),Laga (lagtā)
आगे (āge),Ahead (āge)
किया (kiyā),Ki (kiyā)
उत्तर (uttar),Answer (uttar)
किन्तु (kintu),But (kintu)
आने (āne),Come (āne)
लगे (lage),Lage
लगभग (lagbhag),Almost (lagbhag)
इसे (ise),It (ise)
लाख (lākh),Lakh (lākh)
बारे (bāre),About (bāre)
होना (honā),Hona (Honā)
इससे (isse),With this (ISSE)
मात्रा (mātrā),Quantity (mātrā)
अध्ययन (adhyayan),Adhyayan
वाला (vālā),Wala (vālā)
जिसमें (jismẽ),In which (jismẽ)
नीचे (nīce),Below (nīce)
अर्थ (arth),Artha
लोक (lok),Lok (Lok)
आवश्यक (āvaśyak),Essential (āvaśyak)
हो (ho),Ho (HO)
माँ (mā̃),Mother (mā̃)
छोटे (choṭe),Small (Choṭe)
प्रतिशत (pratiśat),Percent (prati)
शुरू (śurū),Start (śurū)
अगर (agar),If (agar)
इतना (itnā),So much (itnā)
आया (āyā),Aya (āyā)
होगी (hogī),Will be (Hogī)
मिल (mil),Mill
स्वयं (svayã),Self (svayã)
रात (rāt),Raat (rāt)
बिना (binā),(Binā)
हमें (hamẽ),Us (hamẽ)
उपयोग (upyog),Use (upyog)
किए (kie),Ki (Kie)
महत्वपूर्ण (mahatvapūrṇ),Important (mahatvapūrṇ)
मुख्य (mukhya),Main (mukhya)
साल (sāl),Year (sāl)
ज्यादा (jyādā),More (jyādā)
साहित्य (sāhitya),Literature (sāhitya)
पूर्व (pūrv),East (PūRV)
निर्माण (nirmāṇ),Construction (nirmāṇ)
विषय (viṣay),Subject (viṣay)
जिससे (jisse),Due to which (JISSE)
देख (dekh),See (dekh)
चित्र (citra),Picture (CITRA)
लगी (lagī),Lag (lagī)
प्रत्येक (pratyek),Each (Pratyek)
मनुष्य (manuṣya),Manuṣya (manuṣya)
गई (gaī),Gaya (gaī)
स्पष्ट (spaṣṭ),Clear (spaṣṭ)
दिनों (dinõ),Days (dinõ)
रंग (raṅg),Color (raṅg)
इसकी (iskī),Its (ISKī)
स्तर (star),Star (Star)
मेरा (merā),Mera (merā)
दूसरी (dūsrī),Second (dūsrī)
अच्छा (acchā),Good (acchā)
रोग (rog),Rog (Rog)
काल (kāl),Kaal (kāl)
अच्छी (acchī),Good (Acchī)
विज्ञान (vigyān),Science (vigyān)
भाई (bhāī),Brother (bhāī)
ज्ञान (gyān),Knowledge (gyān)
दिल्ली (dillī),Delhi (dillī)
बनाने (banāne),Banāne)
रुपये (rupye),Rupee (Rupye)
रखा (rakhā),Raised (rakhā)
आवश्यकता (āvaśyaktā),Need (āvaśyaktā)
आता (ātā),Come (ātā)
कौन (kaun),Who (kaun)
हों (hõ),Ho (hõ)
आर्थिक (ārthik),Economic (ārthik)
सहायता (sahāytā),Aid (sahāytā)
अतिरिक्त (atirikt),Additional
देर (der),Late (Der)
तरफ (taraph),Side (TARPH)
लेने (lene),Lene
चला (calā),Chala (calā)
सामाजिक (sāmājik),Social (sāmājik)
समझ (samajh),Understanding (samajh)
मगर (magar),But Magar
आते (āte),Come (āte)
बच्चे (bacce),Children (BACCE)
कला (kalā),Kala (kalā)
पत्र (patra),Letter (patra)
भीतर (bhītar),Inner (bītar)
संस्कृति (sanskŕti),Culture (sanskŕti)
उनमें (unmẽ),Among them (UNMẽ)
वर्ग (varg),Class (VARG)
विभाग (vibhāg),Department (vibhāg)
चाहता (cāhtā),Want (Cāhtā)
सिर (sir),Head (sir)
बताया (batāyā),Taid (batāyā)
जगह (jagah),Place (jagah)
वही (vahī),Same (Vahī)
इतनी (itnī),So much (itnī)
स्थापित (sthāpit),Sthāpit)
राष्ट्रीय (rāṣṭrīya),National (rāṣṭrīya)
स्वर (svar),Svar
क्षेत्रों (kṣetrõ),Areas (kṣetrõ)
जिसके (jiske),Whose (jiske)
जन्म (janma),Birth (Janma)
जाए (jāe),Jae (jāe)
दौरान (daurān),During (daurān)
गांधी (gāndhī),Gandhi (gāndhī)
हाँ (hā̃),Yes (hā̃)
जनता (jantā),Public (jantā)
किस (kis),Kiss (kis)
केन्द्र (kendra),Center (Kendra)
साहब (sāhab),Sahab (sāhab)
पूर्ण (pūrṇ),Full (pūrṇ)
पुलिस (pulis),Police (Pulis)
बोला (bolā),Bola (bolā)
थईआ (thaīā),Thaia (Thaīā)
कमी (kamī),Decreased (kamī)
समस्या (samasyā),Problem (samasyā)
कार्यक्रम (kāryakram),Program (Kāryakram)
विवाह (vivāh),Marriage (vivāh)
भूमि (bhūmi),Land (Bhūmi)
भाव (bhāv),Bhava (bhāv)
देखकर (dekhkar),See (dekhkar)
करोड़ (karoṛ),Crore (karoṛ)
प्रथम (pratham),First (Pratham)
मूल (mūl),Original (mūl)
परिवर्तन (parivartan),Parivartan
बच्चों (baccõ),Children (BACCõ)
लाभ (lābh),Benefit (lābh)
प्रदान (pradān),Provided (pradān)
आये (āye),Come (āye)
छोटी (choṭī),Small (choṭī)
स्त्री (strī),Woman (Strī)
सेवा (sevā),Seva (sevā)
व्यवहार (vyavhār),Behavior (vyavhār)
राम (rām),Ram (rām)
रचना (racnā),Composition (racnā)
की (kī),K (kī)
भिन्न (bhinna),Different (bhinna)
मिट्टी (miṭṭī),Clay (miṭṭī)
देशों (deśõ),Countries (deśõ)
इनके (inke),Their (inke)
आती (ātī),Come (ātī)
सही (sahī),Right (Sahī)
उपलब्ध (uplabdh),Available (uplabdh)
बल्कि (balki),Rather (Balki)
प्राय (prāy),Abhin (prāy)
बिजली (bijlī),Electricity (bijlī)
लेते (lete),Lete
जान (jān),John (jān)
बढ़ (baṛh),Grow (baṛh)
सारे (sāre),Sare (sāre)
शायद (śāyad),Maybe (śāyad)
सरकारी (sarkārī),Government (sarkārī)
पड़ (paṛ),Paṛ (PAṛ)
चुका (cukā),Taun (cukā)
पड़ा (paṛā),Lying (paṛā)
विधि (vidhi),Method (vidhi)
छोड़ (choṛ),Quit (Choṛ)
लिखा (likhā),Likh (likhā)
जबकि (jabki),While (jabki)
सिर्फ (sirph),Just (sirph)
दर्शन (darśan),Darshan (Darśan)
प्रक्रिया (prakriyā),Procedure (prakriyā)
दिखाई (dikhāī),Show (dikhāī)
कुल (kul),Total (kul)
शब्दों (śabdõ),Words (śabdõ)
लाल (lāl),Lal (lāl)
निकल (nikal),Nikal (nikal)
नये (naye),New (Naye)
रखने (rakhne),Rakhne
पंजाब (pañjāb),Punjab (pañjāb)
नदी (nadī),River (nadī)
गए (gae),Gae
मृत्यु (mŕtyu),Death (mŕtyu)
स्वीकार (svīkār),Accept (svīkār)
अन्तरिक्ष (antarikṣ),Antarikṣ
आकर (ākar),Come (ākar)
याद (yād),Yaad (yād)
उठा (uṭhā),Pick up (uṭhā)
दूध (dūdh),Milk (dūdh)
कांग्रेस (kāṅgres),Congress (kāṅgres)
सारी (sārī),Sara (sārī)
माध्यम (mādhyam),Medium (mādhyam)
दूसरा (dūsrā),Second (dūsrā)
संबंध (sambandh),Relationship (sambandh)
जिन (jin),Jin (jin)
चाहे (cāhe),Whether (cāhe)
चाहते (cāhte),Want (Cāhte)
प्रणाली (praṇālī),System (praṇālī)
तभी (tabhī),Then (Tabhī)
होंगे (hoṅge),Will be
इनमें (inmẽ),These (Inmẽ)
सन (san),Sun (San)
मान (mān),Maan (mān)
पुत्र (putra),Putra (Putra)
उद्देश्य (uddeśya),Objective (uddeśya)
विश्वास (viśvās),Faith (viśvās)
पिछले (pichle),Last (Pichle)
ताकि (tāki),So (tāki)
निश्चित (niścit),Fixed (niścit)
जिसका (jiskā),Whose (jiskā)
जानकारी (jānkārī),Information (jānkārī)
नेता (netā),Leader (Netā)
बालक (bālak),Balak (Bālak)
अन्त (ant),End
उचित (ucit),Appropriate (UCIT)
संगीत (saṅgīt),Music (saṅgīt)
जल्दी (jaldī),Early (jaldī)
क्षमता (kṣamtā),Capacity (kṣamtā)
हजार (hajār),Thousand (Hajār)
जाएगा (jāegā),Will go (jāegā)
बनाया (banāyā),Built (banāyā)
पति (pati),Husband (Pati)
कोशिश (kośiś),Try (kośiś)
चुके (cuke),Cuke
खाने (khāne),Eat (khāne)
फसल (phasal),Crop (Phasal)
प्रकृति (prakŕti),Nature (Prakŕti)
पौधों (paudhõ),Plants (Paudhõ)
प्रकट (prakaṭ),Manifest (Prakaṭ)
पक्ष (pakṣ),Side (pakṣ)
नीति (nīti),Policy (nīti)
यद्यपि (yadyapi),Although (yadyapi)
मात्र (mātra),Mere mātra)
भारी (bhārī),Heavy (bhārī)
पुस्तकालय (pustakālay),Library (pustakālay)
चले (cale),Calle
समिति (samiti),Committee (Samiti)
सामग्री (sāmagrī),Material (sāmagrī)
चाहिये (cāhiye),Want (cāhiye)
अन्तर्गत (antargat),Antargat
माल (māl),Goods (māl)
शामिल (śāmil),Included (śāmil)
बोली (bolī),Bid (bolī)
उनसे (unse),From them (UNSE)
अपेक्षा (apekṣā),Expectation (apekṣā)
हेतु (hetu),For (hetu)
नगर (nagar),Nagar (Nagar)
दिये (diye),Diye
सम्बन्धी (sambandhī),Relative (sambandhī)
पुस्तक (pustak),Book (Pustak)
खुद (khud),Himself (khud)
वर्णन (varṇan),Description (Varṇan)
बने (bane),Bane
जोर (jor),Jor (Jor)
करें (karẽ),Do (karẽ)
जिनमें (jinmẽ),In which (jinmẽ)
लक्षण (lakṣaṇ),Symptoms (lakṣaṇ)
नामक (nāmak),Named (nāmak)
वहीं (vahī̃),There (VAHī̃)
तुम्हारे (tumhāre),Tum (tumhāre)
विश्व (viśva),World (viśva)
शासन (śāsan),Śāsan)
वैसे (vaise),By the way (vaise)
युग (yug),Yuga (Yug)
बैठ (baiṭh),Sit (baiṭh)
स्थापना (sthāpnā),Establishment (sthāpnā)
अर्थात (arthāt),Ie Arthāt)
सारा (sārā),Sara (sārā)
लेता (letā),Take (letā)
लगती (lagtī),Lagtī (lagtī)
शैली (śailī),Style (śailī)
लें (lẽ),Take (lẽ)
पार्टी (pārṭī),Party (pārṭī)
गीत (gīt),Song (gīt)
अवसर (avsar),Opportunity (avsar)
युद्ध (yuddh),War (Yuddh)
मालूम (mālūm),Know (mālūm)
चारों (cārõ),All four (cārõ)
प्रकाश (prakāś),Prakash (prakāś)
जायेगा (jāyegā),Will go (jāyegā)
बैठे (baiṭhe),Sitting (baiṭhe)
तुम्हें (tumhẽ),You (tumhẽ)
समाप्त (samāpt),Ended (samāpt)
जाय (jāy),Jay (jāy)
साफ (sāph),Clean (sāph)
धार्मिक (dhārmik),Religious (dhārmik)
ताप (tāp),Tāp)
उल्लेख (ullekh),Mention (ullekh)
वर्तमान (vartamān),Current (vartamān)
लेना (lenā),Lak (lenā)
थोड़ी (thoṛī),A little (thoṛī)
इनका (inkā),Their (inkā)
विकसित (viksit),Viksit
बन्द (band),Closed
प्रसिद्ध (prasiddh),Famous (Prasiddh)
विशिष्ट (viśiṣṭ),Specific (viśiṣṭ)
प्रेम (prem),Prem
चली (calī),Chali (Calī)
रखते (rakhte),Rakhte
भावना (bhāvnā),Bhavna (bhāvnā)
चलता (caltā),Caltā)
सिद्ध (siddh),Siddh (siddh)
वालों (vālõ),Women (vālõ)
चित्रों (citrõ),Pictures (Citrõ)
पुरुष (puruṣ),Male (Puruṣ)
पदार्थ (padārth),Substance (padārth)
चर्चा (carcā),Discussion (carcā)
खाना (khānā),Food (khānā)
उच्च (ucc),High (UCC)
इतने (itne),So much (itne)
दी (dī),Di (dī)
दिए (die),DIE
सीमा (sīmā),Seema (sīmā)
वस्तु (vastu),Object (vastu)
पड़ी (paṛī),Lying (paṛī)
गति (gati),Gati (gati)
अत्यन्त (atyant),Extreme (atyant)
संगठन (saṅgṭhan),Organization (saṅgṭhan)
कितना (kitnā),How much (kitnā)
इस्तेमाल (istemāl),Use (istemāl)
बाबा (bābā),Baba (bābā)
प्रकाशित (prakāśit),Prakāśit)
ढंग (ḍhaṅg),Manner (ḍhaṅg)
अधिकार (adhikār),Rights (adhikār)
उधर (udhar),There (Udhar)
पड़े (paṛe),Paṛe
सके (sake),Sake
सूचना (sūcnā),Information (sūcnā)
अंग्रेजी (aṅgrejī),English (Aṅgrejī)
सुन्दर (sundar),Beautiful (sundar)
पुनः (punaḥ),Again (punaḥ)
केंद्रीय (kendrīya),Central (kendraīya)
आधुनिक (ādhunik),Modern (ādhunik)
शहर (śahar),City (śahar)
प्रधानमंत्री (pradhānmantrī),Prime Minister (pradhānmantrī)
ब्राह्मण (brāhmaṇ),Brahmin (brāhmaṇ)
उनको (unko),Them (unko)
महीने (mahīne),Month (Mahīne)
अच्छे (acche),Good (acche)
हवा (havā),Hawa (havā)
शाम (śām),Sham (śām)
इधर (idhar),Here (idhar)
संसार (sansār),Sansā (sansār)
विरोध (virodh),Protest (virodh)
रखना (rakhnā),Keep (rakhnā)
प्रशिक्षण (praśikṣaṇ),Training (Praśikṣaṇ)
संघ (saṅgh),Union
बनी (banī),Bani (banī)
पृथ्वी (pŕthvī),Earth (Pŕthvī)
ऊर्जा (ūrjā),Energy (ūrjā)
हमने (hamne),We (hamne)
वास्तविक (vāstavik),Real (vāstavik)
सहयोग (sahyog),Cooperation (SAHYOG)
तेल (tel),Oil
अवधि (avdhi),Period (avdhi)
सात (sāt),Seven (sāt)
लगते (lagte),Lagte
मार्ग (mārg),Marg (Mārg)
बंद (band),Closed
प्रचलित (praclit),PRACLIT
संघर्ष (saṅgharṣ),Conflict (saṅgharṣ)
दिशा (diśā),Disha (diśā)
स्थित (sthit),Located
बैठा (baiṭhā),Bit (baiṭhā)
वर्षों (varṣõ),Years (Varṣõ)
अधिकांश (adhikānś),Most (adhikānś)
शादी (śādī),Marriage (śādī)
वातावरण (vātāvraṇ),Atmosphere (vātāvraṇ)
तुलना (tulnā),Comparison (tulnā)
राजीव (rājīv),Rajiv (rājīv)
साधारण (sādhāraṇ),Simple (sādhāraṇ)
सम्पूर्ण (sampūrṇ),Complete (Sampūrṇ)
राजस्थान (rājasthān),Rajasthan (rājasthān)
सफल (saphal),Successful (Saphal)
कितने (kitne),How many (kitne)
वापस (vāpas),Back (vāpas)
मानसिक (mānsik),Mental (mānsik)
परम्परा (paramparā),Paramparā)
बोले (bole),Bole
बीज (bīj),Seed (bīj)
खेल (khel),Game (Khel)
अंग (aṅg),Ang (AṅG)
बैठक (baiṭhak),Meeting (baiṭhak)
जरूरत (jarūrat),Need (Jarūrat)
ग्रामीण (grāmīṇ),Rural (Grāmīṇ)
इनकी (inkī),Their (inkī)
कथा (kathā),Katha (kathā)
आयु (āyu),Age (āyu)
बातचीत (bātcīt),Bātcīt)
प्रभावित (prabhāvit),Prabhāvit)
निर्धारित (nirdhārit),Nirdhārit)
निकाल (nikāl),Remove (nikāl)
घटना (ghaṭnā),Event (ghaṭnā)
कितनी (kitnī),How many (kitnī)
कवि (kavi),Kavi (Kavi)
रक्त (rakt),Rakt
बालकों (bālkõ),Children (bālkõ)
किसान (kisān),Farmer (kisān)
इच्छा (icchā),Desire (icchā)
आयी (āyī),Aayi (āyī)
बजे (baje),At Baje
चेहरे (cehre),Facial (Cehre)
गुण (guṇ),Properties (Guṇ)
आकार (ākār),Size (ākār)
हृदय (hŕday),Heart (Hday)
राज (rāj),Raj (rāj)
मार (mār),Mara (mār)
चुकी (cukī),Tai (Cukī)
यात्रा (yātrā),Yatra (yātrā)
नष्ट (naṣṭ),Destroy (naṣṭ)
खेती (khetī),Farming (khetī)
सुबह (subah),Morning (subah)
नयी (nayī),New (Nayī)
जिन्हें (jinhẽ),Those (jinhẽ)
आरम्भ (ārambh),Beginning (ārambh)
सुनकर (sunkar),Hearing (sunkar)
वायु (vāyu),Air (vāyu)
नजर (najar),Nazar (Najar)
थोड़ा (thoṛā),Little (thoṛā)
खाली (khālī),Empty (khālī)
ॐ (om),ॐ (om)
खोज (khoj),Search (khoj)
एकदम (ekdam),Absolutely (ekdam)
व्यक्तियों (vyaktiyõ),Individuals (vyaktiyõ)
राजनीतिक (rājnītik),Political (rājnītik)
आँखें (ā̃khẽ),Eyes (ā̃khẽ)
संबंधित (sambandhit),Related (sambandhit)
तेज (tej),Tej (Tej)
जरा (jarā),Zara (jarā)
व्यक्तित्व (vyaktitva),Personality (vyaktitva)
बदल (badal),Change (Badal)
सवाल (savāl),Question (Savāl)
उपभोक्ता (upbhoktā),Consumer (upbhoktā)
उपज (upaj),Yield (upaj)
सुख (sukh),Sukh (Sukh)
मानते (mānte),Mānte)
मकान (makān),House (makān)
तेजी (tejī),Fast (tejī)
जुलाई (julāī),July (julāī)
प्रयत्न (prayatna),Prayatna (Prayatna)
देवता (devtā),Deity (devtā)
जानते (jānte),Know (jānte)
कपड़े (kapṛe),Clothes (Kapṛe)
संभव (sambhav),Possible (sambhav)
सकता (saktā),Can (Saktā)
मदद (madad),Help (Madad)
वास्तव (vāstav),Really (vāstav)
निकट (nikaṭ),Near (nikaṭ)
चलते (calte),Calte
बाकी (bākī),Rest (Bākī)
सोच (soc),Think (SoC)
समस्त (samast),All (samast)
सदस्य (sadasya),Member (Sadasya)
कठिन (kaṭhin),Hard (kaṭhin)
अरे (are),Hey (Are)
राज्यों (rājyõ),States (rājyõ)
नया (nayā),New (nayā)
सीधे (sīdhe),Straight (sīdhe)
फूल (phūl),Flower (Phūl)
किस्म (kisma),Variety (KISMA)
अभाव (abhāv),Lack (abhāv)
जरूरी (jarūrī),Essential (jarūrī)
सेना (senā),Army (Senā)
श्रम (śram),Labor (śram)
विदेशी (videśī),Foreign (VIDEśī)
बाल (bāl),Bal (bāl)
पुराने (purāne),Purāne)
किंतु (kintu),But (kintu)
विस्तार (vistār),Vistār)
जाएगी (jāegī),Will (jāegī)
छोटा (choṭā),Chhota (Choṭā)
वनस्पति (vanaspati),Vanaspati
खर्च (kharc),Expenses (kharc)
पार (pār),Paar (pār)
अधिकारी (adhikārī),Officer (adhikārī)
चलने (calne),Calne
आशा (āśā),Asha (āśā)
सुधार (sudhār),Improvement (sudhār)
विशाल (viśāl),Vishal (viśāl)
पूर्ति (pūrti),Fulti (PūRTI)
डाल (ḍāl),Dal (ḍāl)
जानता (jāntā),Know (jāntā)
महसूस (mahsūs),Felt (mahsūs)
बोल (bol),Bol (bol)
प्रतीत (pratīt),Appear
अध्यक्ष (adhyakṣ),Chairman (Adhyakṣ)
सीखने (sīkhne),Learning (sīkhne)
वर्ण (varṇ),Varna (Varṇ)
व्यापक (vyāpak),Wide (vyāpak)
भविष्य (bhaviṣya),Future (bhaviṣya)
ध्वनि (dhvani),Sound (dhvani)
प्रयुक्त (prayukt),Prayukt
प्रचार (pracār),Promotion (PRACAR)
प्यार (pyār),Pyaar (pyār)
शिक्षण (śikṣaṇ),Teaching (śikṣaṇ)
शेष (śeṣ),Remaining (śeṣ)
मार्च (mārc),March (mārc)
दुनिया (duniyā),Duniyā)
ख्याल (khyāl),Khyal (khyāl)
प्रगति (pragti),Pragti
गैस (gais),Gais
लगातार (lagātār),Constant (lagātār)
तौर (taur),Taur (Taur)
उन्हीं (unhī̃),Only those (unhī̃)
सुरक्षित (surakṣit),Safe (sukṣit)
सभा (sabhā),Sabha (sabhā)
लौट (lauṭ),Laut (lauṭ)
लागत (lāgat),Lāgat)
बनाये (banāye),Banāye)
दर्द (dard),Dard
आखिर (ākhir),Finally (ākhir)
सोचा (socā),Socha (Socā)
दें (dẽ),Give (dẽ)
चीज (cīj),Cheese (cīj)
कल्पना (kalpanā),Kalpana (kalpanā)
लक्ष्य (lakṣya),Target (lakṣya)
चाय (cāy),Tea (cāy)
खूब (khūb),Give (khūb)
श्रीमती (śrīmtī),Mrs. (śRīMTī)
लाने (lāne),Lap (lāne)
मुक्त (mukt),Free (mukt)
बुद्धि (buddhi),Wisdom (buddhi)
पश्चिम (paścim),West (Paścim)
खेत (khet),Farm
होनी (honī),Honi (Honī)
चाहती (cāhtī),Want (Cāhtī)
उपयुक्त (upyukt),Appropriate (upyukt)
अंत (ant),End
साधन (sādhan),Sādhan)
संकेत (saṅket),Hint (saṅket)
वस्तुओं (vastuõ),Objects (vastu)
मामले (māmle),Case (māmle)
बनाकर (banākar),Banākar)
सहज (sahaj),Sahaj (sahaj)
सदा (sadā),Forever (sadā)
शारीरिक (śārīrik),Physical (śārīrik)
पकड़ (pakaṛ),Catch (pakaṛ)
उपाय (upāy),Remedy (upāy)
संस्थान (sansthān),Institute (sansthān)
सफलता (saphaltā),Success (saphaltā)
बाबू (bābū),Babu (bābū)
तुम्हारी (tumhārī),Your (tumhārī)
भूल (bhūl),Forget (bhūl)
आत्मा (ātmā),Soul (ātmā)
विचारों (vicārõ),Ideas (vicārõ)
रखी (rakhī),Keep (rakhī)
भूमिका (bhūmikā),Role (bhūmikā)
पैर (pair),Foot (Pair)
करे (kare),Kare (kare)
हाथों (hāthõ),Hand (hāthõ)
भवन (bhavan),Building (Bhavan)
नियम (niyam),Rules (NIYAM)
दिल (dil),Heart (DIL)
तकनीकी (taknīkī),Technical (Taknīkī)
जिसकी (jiskī),Whose (jiskī)
शिशु (śiśu),Infant (śiśu)
व्यय (vyay),Expenditure (VYAY)
पेट (peṭ),Stomach (PEṭ)
नींद (nīnd),Sleep (Nīnd)
नेताओं (netāõ),Leaders (Netāõ)
अंदर (andar),Inside (andar)
लागू (lāgū),Applied (lāgū)
बनने (banne),Banne
त्वचा (tvacā),Skin (tvacā)
गायन (gāyan),Gāyan)
राजनीति (rājnīti),Politics (rājnīti)
जमा (jamā),Deposit (jamā)
सुविधा (suvidhā),Suvidha (suvidhā)
बोर्ड (borḍ),Board (Borḍ)
कानून (kānūn),Law (kānūn)
शुरु (śuru),Start (śuru)
लेखक (lekhak),Author (lekhak)
बावजूद (bāvjūd),Despite (bāvjūd)
क्रम (kram),Sequence (kram)
लगने (lagne),Lagne
तुमने (tumne),You (tumne)
हाल (hāl),Hall (hāl)
सम्भव (sambhav),Possible (sambhav)
स्टेशन (sṭeśan),Station (sṭeśan)
अगले (agle),Next (Agle)
रास्ते (rāste),Road (Rāsste)
मस्तिष्क (mastiṣk),Brain (Mastiṣk)
गर्म (garm),Hot (Garm)
संबंधी (sambandhī),Relative (sambandhī)
यानी (yānī),That is (yānī)
पुरानी (purānī),Old (Purānī)
चित्रण (citraṇ),Illustration
अधिकारियों (adhikāriyõ),Officers (adhikāriyõ)
संस्कृत (sanskŕt),Sanskrit (sanskŕt)
सुन (sun),Sun (Sun)
युवक (yuvak),Youth (Yuvak)
पाठ (pāṭh),Lesson (pāṭh)
स्थानों (sthānõ),Places (sthānõ)
वर्षा (varṣā),Varsha (Varṣā)
रखकर (rakhkar),Keeping (rakhkar)
पशु (paśu),Animal (Paśu)
किसानों (kisānõ),Farmers (kisānõ)
सत्ता (sattā),Power (sattā)
प्राप्ति (prāpti),Receive (prāpti)
दवा (davā),Medicine (davā)
खास (khās),Khas (khās)
कमेटी (kameṭī),Committee (KAMEṭī)
अंक (aṅk),Numeral (AṅK)
हानि (hāni),Loss (hāni)
सरल (saral),Simple
सिंचाई (siñcāī),Irrigation (siñcāī)
शिकार (śikār),Hunt (śikār)
वृक्ष (vŕkṣ),Tree (vŕkṣ)
करेंगे (kareṅge),Will (kareṅge)
औद्योगिक (audyogik),Industrial (Audyogik)
आधारित (ādhārit),Based (ādhārit)
हत्या (hatyā),Murder (hatyā)
सहकारी (sahkārī),Cooperative (sahkārī)
विवरण (vivraṇ),Details (vivraṇ)
रोज (roj),Rose (Roj)
मुझसे (mujhse),From me (mujhse)
आना (ānā),Ana (ānā)
मौसम (mausam),Weather (Mausam)
आँखों (ā̃khõ),Eyes (ā̃khõ)
शुद्ध (śuddh),Pure (śUDDH)
भेद (bhed),Bhed
विपरीत (viprīt),Viprīt
लम्बी (lambī),Long (lambī)
बनाना (banānā),Banana (banānā)
दृष्टिकोण (dŕṣṭikoṇ),Approach (dŕṣṭikoṇ)
गलत (galat),Wrong (galat)
समर्थन (samarthan),Support (samarthan)
सम्मेलन (sammelan),Conference (Sammelan)
सचमुच (sacmuc),Really (SACMUC)
बुद्ध (buddh),Buddha (Buddh)
बच्चा (baccā),Baby (BACCA)
दीवार (dīvār),Wall (dīvār)
आंखों (ā̃khõ),Eyes (ā̃khõ)
अध्याय (adhyāy),Chapter (adhyāy)
अत्यधिक (atyadhik),Extreme (atyadhik)
सहित (sahit),Including (Sahit)
योग (yog),Yog (yog)
मुख (mukh),Mukh (mukh)
बिहार (bihār),Bihar (bihār)
काव्य (kāvya),Poetry (kāvya)
सिद्धांत (siddhānt),Siddhānt)
सार्वजनिक (sārvajnik),Public (sārvajnik)
लघु (laghu),Small (Laghu)
बता (batā),Tell (batā)
परस्पर (paraspar),Paraspar
तार (tār),Wire (tār)
चूर्ण (cūrṇ),Powder (cūrṇ)
आयोजन (āyojan),Āyojan)
सांस्कृतिक (sānskŕtik),Cultural (sānskŕtik)
समझने (samajhne),Samajhne
वाद्य (vādya),Instrument (vādya)
प्रतीक (pratīk),Symbol (pratīk)
तुम्हारा (tumhārā),Tumi (tumhārā)
छात्र (chātra),Student (chātra)
चुप (cup),Chup (cup)
अक्सर (aksar),Often (Aksar)
जायेगी (jāyegī),Will go (jāyegī)
रखे (rakhe),Rakhe
भार (bhār),Bhar (bhār)
फलों (phalõ),Fruits (Phalõ)
जीवित (jīvit),Live (jīvit)
आजकल (ājkal),Nowadays (ājkal)
विस्तृत (vistŕt),Vistŕt
गिर (gir),Gir
गुरू (gurū),Guru (gurū)
खाद्य (khādya),Food (khādya)
उतर (utar),Utar
अमेरिका (amerikā),America (Amerikā)
सुना (sunā),Sunā)
स्थानीय (sthānīya),Local (Sthānīya)
विषयों (viṣyõ),Subjects (viṣyõ)
घंटे (ghaṇṭe),Hour (Ghaṇṭe)
कराने (karāne),Karāne)
उतना (utnā),That (utnā)
शताब्दी (śatābdī),Shatabdi (śatābdī)
व्यवसाय (vyavsāy),Business (vyavsāy)
मंदिर (mandir),Temple (mandir)
परिचय (paricay),Introduction (Paricay)
गांवों (gāmvõ),Villages (Gāmvõ)
बाँध (bāndh),Dam (bāndh)
निश्चय (niścay),Niścay
उपकरण (upakraṇ),Equipment (upakraṇ)
आतंकवादियों (ātaṅkvādiyõ),Terrorists (ātaṅkvādiyõ)
वैदिक (vaidik),Vedic (Vaidik)
भागों (bhāgõ),Parts (bhāgõ)
अंश (anś),Part (anś)
सूत्र (sūtra),Sutra (sūtra)
विविध (vividh),Miscellaneous (vividh)
बारह (bārah),Twelve (bārah)
फलस्वरूप (phalasvarūp),Consequently (Phalasvarūp)
काट (kāṭ),Cut (kāṭ)
अधिकतर (adhiktar),Most (Adhiktar)
स्वाभाविक (svābhāvik),Natural (svābhāvik)
वाक्य (vākya),Sentence (vākya)
बैठी (baiṭhī),Sit (baiṭhī)
परिस्थितियों (paristhitiyõ),Circumstances (paristhitiyõ)
सूर्य (sūrya),Sun (sūrya)
शत्रु (śatru),Enemy (śatru)
पत्तियों (pattiyõ),Leaves (pattiyõ)
नियोजन (niyojan),Niyojan
ग्रन्थ (granth),Granth
कही (kahī),Kahi (kaahī)
उम्र (umra),Age (UMRA)
अग्नि (agni),Agni
सिख (sikh),Sikh (sikh)
बाप (bāp),Father (bāp)
पाकिस्तान (pākistān),Pakistan (pākistān)
पश्चात् (paścāt),Post (paścāt)
चिन्ता (cintā),Cintā)
आयोजित (āyojit),(Āyojit)
यहीं (yahī̃),Here (yahī̃)
वाद्यों (vādyõ),Instruments (vādyõ)
मुसलमान (musalmān),Muslim (musalmān)
भेज (bhej),Send (bhej)
बैंक (baiṅk),Bank (baiṅk)
नारी (nārī),Nari (nārī)
अंतिम (antim),Last (Antim)
समुद्र (samudra),Sea (samudra)
संग्रह (saṅgrah),Collection (saṅgrah)
लेती (letī),Leti (letī)
दृश्य (dŕśya),Scene (dŕśya)
खाद (khād),Compost (khād)
आलोचना (ālocnā),Criticism (ālocnā)
हैक्टर (haikṭar),Haikṭar
विरोधी (virodhī),Opponent (virodhī)
पश्चिमी (paścimī),Western (Paścimī)
धान (dhān),Paddy (dhān)
डाक (ḍāk),Dak (ḍāk)
कदम (kadam),Kadam (kadam)
आकाश (ākāś),Akash (ākāś)
स्थायी (sthāyī),Permanent (sthāyī)
वितरण (vitraṇ),Distribution (vitraṇ)
वंश (vanś),Dynasty (vanś)
रोक (rok),Rok (Rok)
प्रेरणा (prerṇā),Inspiration (prerṇā)
चीनी (cīnī),Chinese (cīnī)
औरत (aurat),Woman (Aurat)
अप्रैल (aprail),April (aprail)
अनिवार्य (anivārya),Compulsory (anivārya)
सकें (sakẽ),Can (SAKẽ)
महिला (mahilā),Woman (maahilā)
पहचान (pahcān),Identity (pahcān)
क्रमशः (kramśaḥ),Respectively (kramśaḥ)
सैनिक (sainik),Sainik (Sainik)
वजह (vajah),Reason (Vajah)
लकड़ी (lakṛī),Wood (lakṛī)
रुपये (rupye),Rupee (Rupye)
बढ़ा (baṛhā),Bad (baṛhā)
पीठ (pīṭh),Back (Pīṭh)
पाई (pāī),Pai (pāī)
डाक्टर (ḍākṭar),Doctor (ḍākṭar)
सम्पर्क (sampark),Sampark
वीं (vī̃),Ven (vī̃)
माननीय (mānnīya),Honorable (mānnīya)
मूल्यांकन (mūlyāṅkan),Evaluation (mūlyāṅkan)
गाय (gāy),Cow (gāy)
क्षण (kṣaṇ),Moment (kṣaṇ)
हालत (hālat),Condition (hālat)
संदर्भ (sandarbh),Reference (Sandarbh)
बीस (bīs),Twenty (BīS)
दोष (doṣ),Flag (doṣ)
जीव (jīv),Jeeva (JīV)
चित्रित (citrit),Citrit
खान (khān),Khan (khān)
खुशी (khuśī),Happiness (khuśī)
रोजगार (rojgār),Employment (rojgār)
रिपोर्ट (riporṭ),Report (riporṭ)
मंत्रालय (mantrālay),Ministry (mantrālay)
प्राथमिक (prāthmik),Primary (prāthmik)
प्रदर्शित (pradarśit),Displayed (pradarśit)
धारणा (dhārṇā),Dharna (dhārṇā)
ताल (tāl),Tal (tāl)
जंगल (jaṅgal),Jungle (jaṅgal)
सका (sakā),Sak (sakā)
यान (yān),Yan (yān)
उपक्रम (upakram),Undertaking (upakram)
अंकित (aṅkit),Ankit (Aṅkit)
शिव (śiv),Shiva (śiv)
त्याग (tyāg),Renunciation (Tyāg)
जिसने (jisne),Who (Jisne)
गरम (garam),Hot (Garam)
समाचार (samācār),News (samācār)
शाखा (śākhā),Branch (śākhā)
बुरी (burī),Bad (burī)
डाला (ḍālā),Dala (ḍālā)
जून (jūn),June (jūn)
ज्ञात (gyāt),Gyāt)
गर्भ (garbh),Garbh (Garbh)
कर्मचारियों (karmacāriyõ),Employees (karmacāriyõ)
मामलों (māmlõ),Cases (māmlõ)
बजाय (bajāy),Instead (bajāy)
तरीके (tarīke),Ways (tarīke)
आदर्श (ādarś),Adarsh ​​(ādarś)
हिस्सा (hissā),Part (hissā)
संरचना (sãracnā),Structure (sãracnā)
स्पर्श (sparś),Touch (Sparś)
जनवरी (janavrī),January (Janavrī)
चित्रकला (citraklā),Painting (citraklā)
चरित्र (caritra),Caritra
क्षेत्रीय (kṣetrīya),Regional (Kṣetrīya)
क्यू (kyū),Q (KYū)
रखता (rakhtā),Rakhta (rakhtā)
बिक्री (bikrī),Sales (bikrī)
पुस्तकों (pustakõ),Books (Pustakõ)
निर्मित (nirmit),Nirmit
जैन (jain),Jain
गले (gale),Gale
ग्रा (grā),Gr (Grā)
खराब (kharāb),Bad (kharāb)
करो (karo),Do (karo)
कक्षा (kakṣā),Class (kakṣā)
आश्चर्य (āścarya),Surprise (āścarya)
रास्ता (rāstā),Rasta (rāstā)
युक्त (yukt),Containing (yukt)
बनाए (banāe),Banāe)
बेटा (beṭā),Son (bee)
बेटे (beṭe),Son (bee)
प्रबन्ध (prabandh),Prabandh
निम्नलिखित (nimnalikhit),The following (nimnalikhit)
चेहरा (cehrā),Face (Cehrā)
अर्जुन (arjun),Arjun
सम्मान (sammān),Honor (sammān)
यथार्थ (yathārth),Reality (yathārt)
बहू (bahū),Bahu (bahū)
ध्वनियों (dhvaniyõ),Sounds (dhvaniyõ)
जिन्होंने (jinhonne),Who (jinhonne)
छाया (chāyā),Chhaya (chāyā)
खबर (khabar),News (khabar)
संकट (saṅkaṭ),Crisis (saṅkaṭ)
बेटी (beṭī),Daughter (bee)
पशुओं (paśuõ),Animals (Paśuõ)
अति (ati),Ati (ATI)
समझता (samajhtā),Understand (samajhtā)
रोकने (rokne),Rokne
भक्ति (bhakti),Bhakti (Bhakti)
दशा (daśā),Dasha (daśā)
चलती (caltī),Moving (Caltī)
घास (ghās),Grass (ghās)
कथन (kathan),Statement (Kathan)
सामान (sāmān),Luggage (sāmān)
मजदूरी (majdūrī),Wages (majdūrī)
भरी (bharī),Bhari (bharī)
बिलकुल (bilkul),Absolutely (bilkul)
दूसरों (dūsrõ),Others (DūSRõ)
गरीब (garīb),Poor (Garīb)
अस्तित्व (astitva),Existence (Astitva)
अकेले (akele),Akele alone
सौन्दर्य (saundarya),Beauty (saundarya)
साहसी (sāhsī),Daring (sāhsī)
समझते (samajhte),Understand (samajhte)
विद्युत (vidyut),Electrical (vidyut)
लिखी (likhī),Written (likhī)
नाटक (nāṭak),Drama (nāṭak)
धूप (dhūp),Incense (DHūP)
दरवाजे (darvāje),Darvāje)
कमजोर (kamjor),Weak (kamjor)
आदत (ādat),Habit (ādat)
सम्प्रदाय (sampradāy),Sampradāy)
शोध (śodh),Research (śodh)
वीर (vīr),Veer (VīR)
रुपया (rupyā),Rupee (rupyā)
मौत (maut),Death (Maut)
भले (bhale),Bhale
प्रसन्न (prasanna),Prasanna
निजी (nijī),Private (nijī)
जातियों (jātiyõ),Castes (jātiy)
गीतों (gītõ),Songs (gītõ)
कीट (kīṭ),Insect (kīṭ)
उतनी (utnī),So much (Utnī)